<favourites>
    <favourite name="電視直播" thumb="special://home/addons/plugin.video.hklive/icon.png">StartAndroidActivity(&quot;com.gcappslab.gcorso.letsbookmark&quot;)</favourite>
    <favourite name="tvb翡翠台(直播)" thumb="https://yt3.ggpht.com/a/AATXAJyVSWBCKTdyXLOhytQEJBNlBnkH3noxDdfugwjfiPg=s100-c-k-c0xffffffff-no-rj-mo">PlayMedia(&quot;plugin://plugin.video.playlistLoader/?logos=&amp;cache=0&amp;name=tvb%E7%BF%A1%E7%BF%A0%E5%8F%B0%28%E7%9B%B4%E6%92%AD%29&amp;url=http%3A%2F%2Fm.567it.com%2Fjade.m3u8&amp;iconimage=&amp;mode=3&quot;)</favourite>
    <favourite name="香港開電視(直播)" thumb="https://yt3.ggpht.com/a-/AAuE7mBcObYJRIG8L-9bskQKN13B8BzfiGeePfNPfg=s288-mo-c-c0xffffffff-rj-k-no">PlayMedia(&quot;plugin://plugin.video.playlistLoader/?logos=&amp;cache=0&amp;name=%E5%A5%87%E5%A6%99%E7%94%B5%E8%A7%8677%E5%8F%B0&amp;url=http%3A%2F%2Fmedia.fantv.hk%2Fm3u8%2Farchive%2Fchannel2.m3u8&amp;iconimage=&amp;mode=3&quot;)</favourite>
    <favourite name="耀才财经(直播)" thumb="https://yt3.ggpht.com/a/AATXAJyT8KT3ozGpI7qSKNcD4-oCr4QpdWsBcpwwJVnN4Q=s100-c-k-c0xffffffff-no-rj-mo">PlayMedia(&quot;plugin://plugin.video.playlistLoader/?logos=&amp;cache=0&amp;name=%E8%80%80%E6%89%8D%E8%B4%A2%E7%BB%8F%28%E7%9B%B4%E6%92%AD%29&amp;url=http%3A%2F%2Ffc_video.bsgroup.com.hk%3A443%2Fwebcast%2Fbshdlive-pc%2Fplaylist.m3u8&amp;iconimage=&amp;mode=3&quot;)</favourite>
    <favourite name="超级直播" thumb="androidapp://sources/apps/com.hd.zhibo.png">StartAndroidActivity(&quot;com.hd.zhibo&quot;)</favourite>
    <favourite name="Silk Browser" thumb="androidapp://sources/apps/com.amazon.cloud9.png">StartAndroidActivity(&quot;com.amazon.cloud9&quot;)</favourite>
    <favourite name="Mouse Toggle" thumb="androidapp://sources/apps/com.fluxii.android.mousetoggleforfiretv.png">StartAndroidActivity(&quot;com.fluxii.android.mousetoggleforfiretv&quot;)</favourite>
</favourites>

